-- ============================
-- EasyFarm Seed Data
-- ============================

-- 식물 데이터 삽입
INSERT INTO plants (id, name, species, location, target_humidity, registered_at) VALUES
  ('a1b2c3d4-0001-0000-0000-000000000001', '거실 몬스테라',   '몬스테라',     '거실',   60, '2024-01-10'),
  ('a1b2c3d4-0002-0000-0000-000000000002', '침실 선인장',     '선인장',       '침실',   20, '2024-01-15'),
  ('a1b2c3d4-0003-0000-0000-000000000003', '주방 바질',       '바질',         '주방',   70, '2024-02-03'),
  ('a1b2c3d4-0004-0000-0000-000000000004', '베란다 고무나무', '고무나무',     '베란다', 55, '2024-02-20'),
  ('a1b2c3d4-0005-0000-0000-000000000005', '서재 스파티필럼', '스파티필럼',   '서재',   65, '2024-03-01'),
  ('a1b2c3d4-0006-0000-0000-000000000006', '욕실 아이비',     '아이비',       '욕실',   75, '2024-03-10');

-- 초기 센서 데이터 (현재 시각 기준)
INSERT INTO sensor_data (plant_id, temperature, humidity, soil_moisture, led_state) VALUES
  ('a1b2c3d4-0001-0000-0000-000000000001', 24, 62, 65, false),
  ('a1b2c3d4-0002-0000-0000-000000000002', 22, 25, 22, true),
  ('a1b2c3d4-0003-0000-0000-000000000003', 28, 45, 38, true),
  ('a1b2c3d4-0004-0000-0000-000000000004', 33, 22, 15, false),
  ('a1b2c3d4-0005-0000-0000-000000000005', 23, 68, 70, false),
  ('a1b2c3d4-0006-0000-0000-000000000006', 26, 55, 48, true);

-- 초기 알림 로그
INSERT INTO alert_logs (plant_id, type, message, resolved, created_at) VALUES
  ('a1b2c3d4-0004-0000-0000-000000000004', 'auto_watering',   '토양 수분 15% 감지 → 자동 급수 실행 (1초)',         true,  NOW() - INTERVAL '5 minutes'),
  ('a1b2c3d4-0003-0000-0000-000000000003', 'low_humidity',    '습도 45% — 목표치(70%) 대비 25% 부족',             false, NOW() - INTERVAL '12 minutes'),
  ('a1b2c3d4-0004-0000-0000-000000000004', 'high_temperature','온도 33°C 초과 감지',                               false, NOW() - INTERVAL '30 minutes'),
  ('a1b2c3d4-0002-0000-0000-000000000002', 'led_on',          '조도 부족 감지 → LED 자동 점등',                    true,  NOW() - INTERVAL '2 hours'),
  ('a1b2c3d4-0006-0000-0000-000000000006', 'auto_watering',   '토양 수분 48% 감지 → 자동 급수 실행 (1초)',         true,  NOW() - INTERVAL '3 hours'),
  ('a1b2c3d4-0001-0000-0000-000000000001', 'led_off',         '조도 정상 복귀 → LED 자동 소등',                    true,  NOW() - INTERVAL '5 hours');